model,AUROC,AUPRC,BestF1,Precision,Recall,TP,TN,FP,FN,AvgTimePerImage,BestThreshold
AutoEncoder,0.8375580199904807,0.8145323009160674,0.838288031979726,0.8422485586149228,0.8343645882899661,5259,4015,985,1044,0.005975200371582828,0.0005248463246767234
PaDiM,0.8967425353006506,0.9133968980484769,0.8562080761419868,0.8836738139441437,0.8303982230670627,5234,4311,689,1069,0.008230592010970421,4447.068084258116
PatchCore,0.9044404410598128,0.9274208729572656,0.8567545913218664,0.8633800547754739,0.8502300491815798,5359,4152,848,944,0.03506506213394693,3.6228803221830623
